code,name,1,2,3,4,5,6,7,8,9,10,mean,sdev,type
E06000001,Hartlepool,36.21,15.52,8.62,5.17,6.9,1.72,8.62,6.9,8.62,1.72,3.1897,2.9689,left
E06000002,Middlesbrough,48.84,8.14,6.98,4.65,3.49,3.49,8.14,9.3,5.81,1.16,2.8837,2.9632,left
E06000003,Redcar and Cleveland,23.86,11.36,9.09,12.5,10.23,6.82,5.68,10.23,5.68,4.55,3.8409,2.8723,left
E06000004,Stockton-on-Tees,20.83,8.33,10.83,5.83,6.67,5,7.5,11.67,15,8.33,4.7083,3.2407,ushape
E06000005,Darlington,18.46,13.85,10.77,7.69,6.15,9.23,12.31,3.08,9.23,9.23,4.3154,3.0766,ushape
E06000006,Halton,31.65,17.72,7.59,6.33,5.06,8.86,3.8,12.66,5.06,1.27,3.2975,2.8617,left
E06000007,Warrington,7.87,11.02,8.66,7.87,3.94,5.51,9.45,14.96,16.54,14.17,5.6654,3.0596,ushape
E06000008,Blackburn with Darwen,36.26,19.78,7.69,7.69,5.49,2.2,9.89,7.69,2.2,1.1,2.8187,2.6368,left
E06000009,Blackpool,41.49,17.02,17.02,14.89,5.32,1.06,3.19,0,0,0,1.9149,1.5754,left
E06000010,Kingston upon Hull,45.18,9.04,9.64,12.65,7.23,6.02,4.22,3.61,2.41,0,2.4518,2.3089,left
E06000011,East Riding of Yorkshire,6.19,1.9,5.71,9.05,4.76,13.81,14.29,12.86,11.43,20,6.2571,2.6688,right
E06000012,North East Lincolnshire,30.19,7.55,12.26,7.55,5.66,4.72,12.26,6.6,10.38,2.83,3.7925,3.0268,left
E06000013,North Lincolnshire,10.89,8.91,7.92,8.91,13.86,10.89,14.85,10.89,9.9,2.97,4.8267,2.631,nshape
E06000014,York,0.83,4.17,8.33,3.33,3.33,7.5,10.83,10,17.5,34.17,7.1417,2.5889,right
E06000015,Derby,15.89,17.88,10.6,7.95,7.95,8.61,1.99,5.96,9.27,13.91,4.4073,3.2215,ushape
E06000016,Leicester,20.31,15.1,20.83,14.06,9.9,7.81,6.25,3.13,2.08,0.52,3.0833,2.1619,left
E06000017,Rutland,0,0,0,0,4.35,8.7,13.04,21.74,13.04,39.13,7.9783,1.5629,right
E06000018,Nottingham,30.77,26.37,12.64,8.79,6.59,7.14,3.3,0,3.3,1.1,2.4615,2.1832,left
E06000019,Herefordshire,0.86,6.9,4.31,14.66,31.03,12.07,12.93,10.34,3.45,3.45,5.0259,1.9536,nshape
E06000020,Telford and Wrekin,16.67,9.26,12.04,14.81,3.7,10.19,12.04,10.19,3.7,7.41,4.3333,2.8498,flat
E06000021,Stoke-on-Trent,32.08,19.5,10.06,7.55,6.92,11.32,4.4,2.52,4.4,1.26,2.8711,2.5071,left
E06000022,Bath and North East Somerset,1.74,2.61,3.48,6.96,6.09,13.91,5.22,15.65,14.78,29.57,6.9957,2.4615,right
E06000023,Bristol,15.59,14.45,11.41,11.79,10.27,6.08,11.41,7.22,5.7,6.08,4.135,2.8047,flat
E06000024,North Somerset,5.93,4.44,5.93,4.44,4.44,10.37,14.81,16.3,14.81,18.52,6.3741,2.7083,right
E06000025,South Gloucestershire,0,1.21,3.03,8.48,8.48,9.7,15.76,10.91,11.52,30.91,7.0636,2.2477,right
E06000026,Plymouth,17.39,11.8,14.91,13.66,6.21,6.83,8.07,12.42,7.45,1.24,3.9783,2.7136,left
E06000027,Torbay,15.73,11.24,20.22,13.48,6.74,13.48,11.24,4.49,2.25,1.12,3.6348,2.3267,left
E06000030,Swindon,9.09,6.06,6.82,5.3,9.85,6.82,15.15,18.18,13.64,9.09,5.6818,2.7844,flat
E06000031,Peterborough,14.29,26.79,7.14,10.71,5.36,10.71,8.04,9.82,7.14,0,3.7232,2.6465,left
E06000032,Luton,3.31,23.97,14.88,14.88,17.36,5.79,7.44,8.26,4.13,0,3.8223,2.1841,left
E06000033,Southend-on-Sea,8.41,13.08,11.21,9.35,12.15,4.67,9.35,7.48,12.15,12.15,5.0047,2.9949,flat
E06000034,Thurrock,4.08,7.14,14.29,20.41,12.24,5.1,15.31,9.18,11.22,1.02,4.7653,2.3662,nshape
E06000035,Medway,8.59,14.11,16.56,11.66,9.2,6.75,9.2,11.04,10.43,2.45,4.408,2.6778,flat
E06000036,Bracknell Forest,0,0,1.33,1.33,13.33,9.33,16,12,10.67,36,7.46,1.9689,right
E06000037,West Berkshire,0,1.03,1.03,2.06,2.06,10.31,19.59,16.49,21.65,25.77,7.5722,1.7395,right
E06000038,Reading,5.15,5.15,17.53,14.43,14.43,9.28,9.28,6.19,6.19,12.37,4.9742,2.6618,nshape
E06000039,Slough,0,8.75,18.75,31.25,12.5,13.75,10,5,0,0,4.0375,1.63,nshape
E06000040,Windsor and Maidenhead,0,0,1.12,3.37,8.99,5.62,6.74,12.36,11.24,50.56,7.9831,1.9663,right
E06000041,Wokingham,0,0,0,4.04,1.01,1.01,2.02,8.08,17.17,66.67,8.7727,1.4273,right
E06000042,Milton Keynes,5.26,6.58,6.58,9.87,8.55,11.18,14.47,19.08,11.84,6.58,5.6382,2.5477,flat
E06000043,Brighton and Hove,9.09,8.48,10.3,7.27,9.09,15.15,12.73,13.33,8.48,6.06,5.0515,2.6787,flat
E06000044,Portsmouth,12,12,11.2,23.2,16.8,9.6,4.8,4,4.8,1.6,3.788,2.2426,left
E06000045,Southampton,12.84,16.22,16.22,17.57,10.14,9.46,4.73,9.46,2.7,0.68,3.6149,2.308,left
E06000046,Isle of Wight,3.37,10.11,17.98,21.35,19.1,6.74,13.48,4.49,3.37,0,4.0955,1.9524,nshape
E06000047,County Durham,12.04,21.3,15.43,12.65,9.57,6.79,6.17,5.25,7.1,3.7,3.7623,2.6291,left
E06000049,Cheshire East,1.71,5.98,7.69,6.84,7.26,6.84,10.26,11.54,13.68,28.21,6.6068,2.7455,right
E06000050,Cheshire West and Chester,7.55,8.49,8.96,7.55,6.13,8.96,8.96,12.74,14.15,16.51,5.7311,2.9863,ushape
E06000051,Shropshire,1.04,3.63,3.63,20.21,19.69,14.51,13.47,10.36,8.29,5.18,5.3912,2.075,nshape
E06000052,Cornwall,5.21,7.98,12.27,28.83,16.87,13.19,9.2,4.91,1.53,0,4.0429,1.822,nshape
E06000053,Isles of Scilly,0,0,0,0,0,0,100,0,0,0,6.5,#DIV/0!,nshape
E06000054,Wiltshire,0.35,2.46,3.86,7.02,11.23,15.44,12.63,16.49,18.6,11.93,6.507,2.1428,right
E06000055,Bedford,3.88,9.71,10.68,11.65,9.71,9.71,13.59,12.62,9.71,8.74,5.2961,2.6434,flat
E06000056,Central Bedfordshire,0,1.91,6.37,4.46,7.01,8.92,14.65,9.55,26.75,20.38,7.0287,2.2405,right
E06000057,Northumberland,11.68,8.63,9.14,11.17,11.17,11.17,10.15,6.6,10.66,9.64,4.901,2.869,flat
E06000058,Bournemouth,7.27,10,8.18,17.27,10.91,13.64,10,11.82,8.18,2.73,4.7273,2.4817,nshape
E06000058,Christchurch,0,6.67,0,3.33,10,6.67,13.33,20,16.67,23.33,7.0333,2.3004,right
E06000058,Poole,1.08,4.3,9.68,7.53,11.83,9.68,19.35,7.53,13.98,15.05,6.0806,2.4774,right
E06000059,East Dorset,0,0,1.75,7.02,7.02,5.26,10.53,12.28,21.05,35.09,7.6228,2.0448,right
E06000059,North Dorset,0,0,0,8.11,18.92,37.84,8.11,5.41,18.92,2.7,6.0135,1.6603,nshape
E06000059,Purbeck,0,0,0,10.34,20.69,17.24,37.93,10.34,0,3.45,5.8103,1.3914,nshape
E06000059,West Dorset,0,1.72,3.45,12.07,13.79,24.14,22.41,15.52,3.45,3.45,5.7241,1.707,nshape
E06000059,Weymouth and Portland,15.79,10.53,10.53,18.42,10.53,7.89,7.89,5.26,7.89,5.26,4.1316,2.7551,flat
E07000004,Aylesbury Vale,0,0.87,5.22,6.96,4.35,6.09,9.57,22.61,19.13,25.22,7.2565,2.1545,right
E07000005,Chiltern,0,0,0,1.75,1.75,5.26,8.77,17.54,12.28,52.63,8.3596,1.5052,right
E07000006,South Bucks,0,0,0,0,2.5,17.5,17.5,22.5,10,30,7.6,1.5657,right
E07000007,Wycombe,0,0,1.87,6.54,11.21,11.21,6.54,12.15,13.08,37.38,7.3972,2.1672,right
E07000008,Cambridge,0,4.35,8.7,2.9,20.29,11.59,11.59,14.49,14.49,11.59,6.1087,2.315,right
E07000009,East Cambridgeshire,0,0,0,4,10,22,14,14,18,18,7,1.8098,right
E07000010,Fenland,7.27,12.73,18.18,20,20,9.09,9.09,3.64,0,0,3.6455,1.83,left
E07000011,Huntingdonshire,0,1.9,2.86,3.81,14.29,12.38,11.43,15.24,20.95,17.14,6.8524,2.103,right
E07000012,South Cambridgeshire,0,0,1.04,0,5.21,5.21,14.58,19.79,19.79,34.38,7.9271,1.5811,right
E07000026,Allerdale,11.67,8.33,10,15,10,10,15,10,5,5,4.5833,2.6316,nshape
E07000027,Barrow-in-Furness,24.49,16.33,10.2,6.12,14.29,4.08,8.16,8.16,6.12,2.04,3.5612,2.7794,left
E07000028,Carlisle,5.88,13.24,14.71,14.71,10.29,5.88,11.76,5.88,10.29,7.35,4.6765,2.7369,flat
E07000029,Copeland,6.12,16.33,18.37,16.33,16.33,10.2,0,6.12,6.12,4.08,3.9694,2.4161,left
E07000030,Eden,0,0,2.78,13.89,22.22,27.78,8.33,13.89,11.11,0,5.6111,1.6523,nshape
E07000031,South Lakeland,0,0,0,5.08,13.56,11.86,20.34,27.12,11.86,10.17,6.7712,1.6591,right
E07000032,Amber Valley,3.85,6.41,8.97,7.69,20.51,6.41,12.82,11.54,14.1,7.69,5.5128,2.5457,nshape
E07000033,Bolsover,4.17,18.75,16.67,20.83,12.5,10.42,2.08,12.5,2.08,0,3.8333,2.1272,left
E07000034,Chesterfield,8.7,20.29,14.49,13.04,10.14,4.35,10.14,2.9,10.14,5.8,4.1522,2.775,flat
E07000035,Derbyshire Dales,2.33,0,0,0,11.63,16.28,13.95,16.28,25.58,13.95,7.0581,1.9186,right
E07000036,Erewash,5.48,9.59,15.07,2.74,9.59,8.22,15.07,9.59,9.59,15.07,5.4726,2.8962,flat
E07000037,High Peak,5.08,1.69,3.39,11.86,13.56,8.47,10.17,22.03,13.56,10.17,6.0593,2.4654,right
E07000038,North East Derbyshire,4.76,4.76,7.94,12.7,11.11,9.52,12.7,7.94,15.87,12.7,5.7381,2.6924,flat
E07000039,South Derbyshire,0,5.17,5.17,5.17,15.52,12.07,8.62,18.97,15.52,13.79,6.3621,2.3354,right
E07000040,East Devon,0,0,1.23,7.41,9.88,22.22,11.11,16.05,23.46,8.64,6.6975,1.8332,right
E07000041,Exeter,0,8.11,9.46,6.76,13.51,10.81,12.16,12.16,17.57,9.46,5.8919,2.4873,flat
E07000042,Mid Devon,0,0,6.98,13.95,32.56,13.95,13.95,9.3,6.98,2.33,5.314,1.7492,nshape
E07000043,North Devon,5.17,6.9,10.34,20.69,17.24,8.62,10.34,12.07,8.62,0,4.6724,2.2567,nshape
E07000044,South Hams,0,0,2.04,6.12,16.33,28.57,12.24,8.16,16.33,10.2,6.3367,1.8747,nshape
E07000045,Teignbridge,0,3.57,8.33,9.52,13.1,16.67,19.05,8.33,14.29,7.14,5.8571,2.1712,nshape
E07000046,Torridge,0,5.41,16.22,40.54,16.22,8.11,8.11,5.41,0,0,4.0135,1.5023,nshape
E07000047,West Devon,0,0,0,22.58,35.48,19.35,12.9,0,6.45,3.23,5.1452,1.5609,nshape
E07000061,Eastbourne,6.56,13.11,9.84,19.67,9.84,16.39,1.64,11.48,8.2,3.28,4.4836,2.5132,nshape
E07000062,Hastings,30.19,13.21,15.09,15.09,11.32,3.77,9.43,1.89,0,0,2.7264,2.0722,left
E07000063,Lewes,0,3.23,11.29,8.06,8.06,16.13,14.52,22.58,6.45,9.68,5.9677,2.2303,nshape
E07000064,Rother,3.45,6.9,10.34,10.34,25.86,8.62,13.79,12.07,8.62,0,4.9138,2.1686,nshape
E07000065,Wealden,0,4.21,0,3.16,6.32,20,14.74,20,17.89,13.68,6.8368,1.9657,right
E07000066,Basildon,10.91,12.73,18.18,9.09,5.45,6.36,8.18,5.45,10,13.64,4.7,3.1061,ushape
E07000067,Braintree,0,2.3,4.6,8.05,17.24,18.39,11.49,17.24,11.49,9.2,6.1092,2.065,nshape
E07000068,Brentwood,0,0,0,6.52,6.52,15.22,10.87,6.52,19.57,34.78,7.5217,2.0054,right
E07000069,Castle Point,1.75,7.02,5.26,8.77,19.3,7.02,10.53,19.3,15.79,5.26,5.7807,2.3961,nshape
E07000070,Chelmsford,0,0.93,7.48,4.67,7.48,8.41,14.95,14.95,16.82,24.3,6.9953,2.2461,right
E07000071,Colchester,0.95,9.52,5.71,9.52,12.38,16.19,13.33,9.52,15.24,7.62,5.6714,2.4316,nshape
E07000072,Epping Forest,0,1.28,6.41,12.82,16.67,10.26,8.97,21.79,10.26,11.54,6.1282,2.2045,right
E07000073,Harlow,0,1.85,22.22,27.78,25.93,3.7,5.56,7.41,5.56,0,4.3148,1.7812,nshape
E07000074,Maldon,0,0,5,5,15,17.5,20,22.5,5,10,6.3,1.8425,nshape
E07000075,Rochford,0,1.89,0,7.55,7.55,5.66,5.66,18.87,24.53,28.3,7.5,2.0755,right
E07000076,Tendring,17.98,12.36,12.36,21.35,12.36,13.48,5.62,3.37,1.12,0,3.3427,2.061,left
E07000077,Uttlesford,0,0,0,0,2.17,10.87,19.57,21.74,28.26,17.39,7.6522,1.3494,right
E07000078,Cheltenham,2.67,8,8,8,4,8,6.67,8,18.67,28,6.5133,2.9431,right
E07000079,Cotswold,0,0,0,3.92,3.92,19.61,17.65,21.57,17.65,15.69,7.1471,1.6349,right
E07000080,Forest of Dean,2,0,8,14,18,26,22,10,0,0,5.12,1.5765,nshape
E07000081,Gloucester,11.54,15.38,5.13,6.41,8.97,12.82,6.41,11.54,15.38,6.41,4.9487,2.9833,flat
E07000082,Stroud,0,0,4.35,2.9,5.8,8.7,18.84,13.04,24.64,21.74,7.3116,1.9348,right
E07000083,Tewkesbury,0,2,2,6,12,10,8,20,20,20,7,2.1405,right
E07000084,Basingstoke and Deane,0,0.92,7.34,10.09,7.34,7.34,11.01,14.68,16.51,24.77,6.8578,2.3747,right
E07000085,East Hampshire,0,0,1.39,6.94,2.78,8.33,12.5,18.06,29.17,20.83,7.4861,1.827,right
E07000086,Eastleigh,0,1.3,3.9,3.9,3.9,10.39,7.79,12.99,22.08,33.77,7.5649,2.1296,right
E07000087,Fareham,0,0,4.11,2.74,4.11,6.85,4.11,17.81,26.03,34.25,7.8288,1.9297,right
E07000088,Gosport,1.89,13.21,13.21,9.43,16.98,5.66,15.09,3.77,15.09,5.66,5.0283,2.6062,nshape
E07000089,Hart,0,0,0,0,0,5.26,1.75,8.77,17.54,66.67,8.886,1.0816,right
E07000090,Havant,7.69,21.79,5.13,5.13,7.69,10.26,8.97,12.82,12.82,7.69,4.9487,2.992,flat
E07000091,New Forest,0,2.63,3.51,6.14,11.4,14.04,11.4,18.42,12.28,20.18,6.7105,2.2041,right
E07000092,Rushmoor,0,5.17,10.34,8.62,13.79,6.9,17.24,6.9,17.24,13.79,6.0517,2.5003,right
E07000093,Test Valley,0,1.41,4.23,4.23,7.04,8.45,25.35,11.27,8.45,29.58,7.0775,2.1492,right
E07000094,Winchester,0,0,1.43,4.29,7.14,5.71,14.29,12.86,18.57,35.71,7.6857,1.9208,right
E07000095,Broxbourne,0,5.36,12.5,10.71,14.29,17.86,10.71,12.5,14.29,1.79,5.4107,2.1932,nshape
E07000096,Dacorum,0,3.19,3.19,10.64,10.64,11.7,11.7,8.51,14.89,25.53,6.7128,2.4091,right
E07000098,Hertsmere,1.61,0,6.45,8.06,14.52,12.9,12.9,11.29,12.9,19.35,6.4355,2.3461,right
E07000099,North Hertfordshire,0,2.44,3.66,4.88,7.32,15.85,8.54,13.41,17.07,26.83,7.061,2.2504,right
E07000102,Three Rivers,0,1.89,0,3.77,13.21,11.32,3.77,9.43,15.09,41.51,7.5566,2.205,right
E07000103,Watford,0,1.89,5.66,16.98,13.21,15.09,13.21,13.21,7.55,13.21,5.934,2.2318,nshape
E07000105,Ashford,1.28,11.54,5.13,10.26,17.95,15.38,12.82,11.54,12.82,1.28,5.2308,2.2716,nshape
E07000106,Canterbury,2.22,12.22,6.67,4.44,12.22,12.22,15.56,13.33,12.22,8.89,5.6333,2.5843,flat
E07000107,Dartford,1.72,10.34,5.17,13.79,17.24,13.79,12.07,6.9,12.07,6.9,5.2931,2.4334,nshape
E07000108,Dover,7.46,10.45,8.96,13.43,23.88,5.97,11.94,10.45,5.97,1.49,4.5,2.3484,nshape
E07000109,Gravesham,3.13,15.63,9.38,15.63,6.25,12.5,15.63,6.25,12.5,3.13,4.8438,2.5524,nshape
E07000110,Maidstone,2.11,4.21,8.42,8.42,15.79,13.68,10.53,9.47,9.47,17.89,5.9421,2.5546,right
E07000111,Sevenoaks,0,2.7,2.7,4.05,9.46,16.22,14.86,17.57,6.76,25.68,6.8649,2.1681,right
E07000112,Shepway,5.97,16.42,17.91,8.96,14.93,11.94,11.94,7.46,2.99,1.49,4.097,2.2966,nshape
E07000113,Swale,18.82,7.06,10.59,15.29,16.47,9.41,10.59,5.88,3.53,2.35,3.9118,2.4799,left
E07000114,Thanet,21.43,13.1,9.52,16.67,13.1,7.14,9.52,8.33,0,1.19,3.4643,2.3768,left
E07000115,Tonbridge and Malling,0,4.17,4.17,6.94,8.33,11.11,16.67,12.5,13.89,22.22,6.7083,2.3433,right
E07000116,Tunbridge Wells,0,1.47,1.47,5.88,5.88,16.18,14.71,11.76,19.12,23.53,7.1176,2.0518,right
E07000117,Burnley,38.33,13.33,13.33,8.33,5,5,6.67,8.33,1.67,0,2.7167,2.4913,left
E07000118,Chorley,4.55,7.58,7.58,10.61,6.06,6.06,10.61,16.67,19.7,10.61,5.9242,2.7738,right
E07000119,Fylde,3.92,3.92,3.92,9.8,11.76,11.76,19.61,9.8,15.69,9.8,5.9706,2.436,nshape
E07000120,Hyndburn,26.92,21.15,15.38,5.77,5.77,3.85,11.54,5.77,3.85,0,3.0192,2.5398,left
E07000121,Lancaster,14.61,8.99,12.36,7.87,7.87,13.48,14.61,8.99,5.62,5.62,4.5225,2.7633,flat
E07000122,Pendle,31.58,7.02,12.28,14.04,7.02,7.02,7.02,10.53,3.51,0,3.307,2.6216,left
E07000123,Preston,18.6,24.42,12.79,10.47,4.65,1.16,4.65,9.3,8.14,5.81,3.6628,2.9975,left
E07000124,Ribble Valley,0,0,0,2.5,7.5,15,12.5,12.5,30,20,7.45,1.7239,right
E07000125,Rossendale,13.95,9.3,23.26,11.63,9.3,6.98,9.3,4.65,6.98,4.65,3.9884,2.6759,left
E07000126,South Ribble,4.29,0,11.43,7.14,11.43,10,10,14.29,12.86,18.57,6.2,2.6284,right
E07000127,West Lancashire,8.22,10.96,4.11,6.85,8.22,10.96,9.59,10.96,16.44,13.7,5.6644,2.9722,flat
E07000128,Wyre,14.49,2.9,4.35,11.59,8.7,11.59,18.84,14.49,13.04,0,5.0797,2.6257,nshape
E07000129,Blaby,0,0,0,1.67,15,8.33,15,25,15,20,7.2167,1.7378,right
E07000130,Charnwood,2.02,2.02,7.07,4.04,6.06,11.11,16.16,16.16,16.16,19.19,6.702,2.3732,right
E07000131,Harborough,0,0,2.13,2.13,0,6.38,4.26,31.91,14.89,38.3,8.0532,1.6126,right
E07000132,Hinckley and Bosworth,0,1.52,7.58,6.06,15.15,4.55,15.15,15.15,19.7,15.15,6.5909,2.2717,right
E07000133,Melton,0,0,6.67,6.67,3.33,16.67,16.67,10,20,20,6.9,2.1592,right
E07000134,North West Leicestershire,3.45,0,3.45,13.79,8.62,6.9,20.69,18.97,15.52,8.62,6.2586,2.2502,right
E07000135,Oadby and Wigston,0,0,13.89,5.56,5.56,8.33,11.11,8.33,36.11,11.11,6.7222,2.3798,right
E07000136,Boston,2.78,8.33,27.78,19.44,5.56,13.89,8.33,11.11,2.78,0,4.1389,2.0997,nshape
E07000137,East Lindsey,16.05,19.75,16.05,17.28,6.17,6.17,9.88,3.7,4.94,0,3.3395,2.337,left
E07000138,Lincoln,17.54,15.79,12.28,8.77,8.77,10.53,10.53,10.53,5.26,0,3.8333,2.6072,left
E07000139,North Kesteven,0,0,4.69,7.81,7.81,7.81,10.94,20.31,25,15.63,7.0156,2.0625,right
E07000140,South Holland,0,2.04,6.12,22.45,16.33,22.45,14.29,8.16,8.16,0,5.1735,1.7605,nshape
E07000141,South Kesteven,1.23,2.47,4.94,8.64,4.94,12.35,14.81,12.35,18.52,19.75,6.7099,2.3702,right
E07000142,West Lindsey,7.69,9.62,5.77,9.62,13.46,13.46,11.54,7.69,15.38,5.77,5.1923,2.6974,flat
E07000143,Breckland,1.28,7.69,11.54,6.41,24.36,23.08,11.54,10.26,3.85,0,4.8462,1.8921,nshape
E07000144,Broadland,0,0,0,4.76,11.9,14.29,16.67,17.86,21.43,13.1,6.9762,1.7526,right
E07000145,Great Yarmouth,24.59,13.11,14.75,9.84,11.48,16.39,4.92,1.64,3.28,0,3.1721,2.271,left
E07000146,King's Lynn and West Norfolk,7.87,6.74,15.73,19.1,22.47,13.48,5.62,2.25,4.49,2.25,4.0843,2.0987,nshape
E07000147,North Norfolk,0,3.23,14.52,25.81,25.81,20.97,6.45,1.61,1.61,0,4.3065,1.4123,nshape
E07000148,Norwich,20.48,19.28,9.64,18.07,2.41,7.23,3.61,7.23,3.61,8.43,3.6566,2.9196,left
E07000149,South Norfolk,0,0,0,9.88,12.35,18.52,23.46,16.05,9.88,9.88,6.4259,1.7448,right
E07000150,Corby,9.76,19.51,24.39,4.88,14.63,4.88,7.32,9.76,4.88,0,3.6707,2.4073,left
E07000151,Daventry,2.27,0,4.55,6.82,2.27,18.18,15.91,18.18,22.73,9.09,6.6591,2.1014,right
E07000152,East Northamptonshire,0,4.08,12.24,2.04,4.08,20.41,8.16,20.41,10.2,18.37,6.4184,2.431,right
E07000153,Kettering,7.02,3.51,12.28,7.02,8.77,12.28,8.77,15.79,17.54,7.02,5.6228,2.7063,flat
E07000154,Northampton,9.02,14.29,14.29,8.27,10.53,8.27,9.02,13.53,8.27,4.51,4.5677,2.7474,flat
E07000155,South Northamptonshire,0,0,0,0,1.96,3.92,11.76,19.61,21.57,41.18,8.2843,1.3163,right
E07000156,Wellingborough,6.38,14.89,12.77,14.89,2.13,4.26,21.28,10.64,6.38,6.38,4.7553,2.7542,flat
E07000163,Craven,0,6.25,0,3.13,6.25,28.13,9.38,18.75,15.63,12.5,6.5625,2.1089,right
E07000164,Hambleton,0,0,3.85,3.85,9.62,11.54,21.15,17.31,11.54,21.15,6.9615,1.965,right
E07000165,Harrogate,0.96,0,0.96,1.92,5.77,14.42,20.19,15.38,11.54,28.85,7.3365,1.8959,right
E07000166,Richmondshire,0,0,2.94,0,2.94,23.53,20.59,26.47,20.59,2.94,6.8529,1.454,right
E07000167,Ryedale,0,0,0,13.33,33.33,20,10,6.67,13.33,3.33,5.6667,1.7436,nshape
E07000168,Scarborough,12.68,15.49,9.86,12.68,18.31,7.04,8.45,9.86,4.23,1.41,3.9789,2.4661,left
E07000169,Selby,2,0,6,4,10,14,8,16,24,16,6.8,2.27,right
E07000170,Ashfield,16.22,12.16,9.46,18.92,12.16,13.51,6.76,4.05,5.41,1.35,3.7838,2.4073,left
E07000171,Bassetlaw,7.14,14.29,15.71,7.14,11.43,12.86,11.43,12.86,7.14,0,4.4286,2.4691,nshape
E07000172,Broxtowe,0,5.63,2.82,11.27,11.27,11.27,12.68,9.86,19.72,15.49,6.3873,2.4056,right
E07000173,Gedling,1.3,1.3,10.39,10.39,9.09,11.69,11.69,16.88,12.99,14.29,6.1883,2.413,right
E07000174,Mansfield,14.93,25.37,13.43,8.96,4.48,8.96,4.48,10.45,5.97,2.99,3.6642,2.7612,left
E07000175,Newark and Sherwood,4.29,10,8.57,8.57,12.86,15.71,10,14.29,7.14,8.57,5.2714,2.5773,nshape
E07000176,Rushcliffe,0,0,0,2.94,2.94,2.94,10.29,11.76,19.12,50,8.3235,1.5829,right
E07000177,Cherwell,0,6.45,4.3,6.45,7.53,11.83,21.51,11.83,20.43,9.68,6.3602,2.2679,right
E07000178,Oxford,1.2,10.84,8.43,7.23,7.23,18.07,8.43,13.25,10.84,14.46,5.7892,2.6574,flat
E07000179,South Oxfordshire,0,0,0,2.25,6.74,6.74,11.24,8.99,23.6,40.45,8.0056,1.7263,right
E07000180,Vale of White Horse,0,1.32,0,0,1.32,6.58,14.47,17.11,22.37,36.84,8.0658,1.5521,right
E07000181,West Oxfordshire,0,0,0,6.06,1.52,7.58,4.55,18.18,28.79,33.33,7.9697,1.7027,right
E07000187,Mendip,1.52,1.52,4.55,15.15,16.67,21.21,19.7,6.06,7.58,6.06,5.5455,1.9879,nshape
E07000188,Sedgemoor,5.71,12.86,4.29,15.71,12.86,12.86,15.71,12.86,1.43,5.71,4.8143,2.4409,nshape
E07000189,South Somerset,0.97,4.85,5.83,11.65,20.39,16.5,16.5,13.59,4.85,4.85,5.4223,2.0422,nshape
E07000192,Cannock Chase,3.33,11.67,16.67,8.33,16.67,10,11.67,10,8.33,3.33,4.7333,2.452,nshape
E07000193,East Staffordshire,4.17,13.89,8.33,9.72,5.56,13.89,6.94,15.28,8.33,13.89,5.4167,2.8668,flat
E07000194,Lichfield,0,3.45,5.17,1.72,10.34,12.07,13.79,20.69,13.79,18.97,6.7931,2.2005,right
E07000195,Newcastle-under-Lyme,2.5,8.75,12.5,15,7.5,13.75,12.5,8.75,13.75,5,5.1875,2.5137,nshape
E07000196,South Staffordshire,0,0,7.35,7.35,5.88,13.24,19.12,20.59,14.71,11.76,6.5882,2.0277,right
E07000197,Stafford,0,5,7.5,6.25,7.5,8.75,15,13.75,17.5,18.75,6.575,2.4483,right
E07000198,Staffordshire Moorlands,0,3.39,10.17,11.86,5.08,10.17,16.95,15.25,23.73,3.39,6.0932,2.2752,right
E07000199,Tamworth,7.84,11.76,1.96,17.65,11.76,13.73,11.76,9.8,9.8,3.92,4.8725,2.5687,nshape
E07000200,Babergh,0,0,9.26,9.26,5.56,22.22,16.67,16.67,11.11,9.26,6.1852,2.045,nshape
E07000202,Ipswich,14.12,18.82,12.94,4.71,10.59,10.59,11.76,5.88,9.41,1.18,4.0176,2.6975,left
E07000203,Mid Suffolk,0,1.79,1.79,0,10.71,28.57,17.86,16.07,12.5,10.71,6.5714,1.7669,right
E07000207,Elmbridge,0,0,1.23,4.94,1.23,8.64,3.7,9.88,19.75,50.62,8.2037,1.8333,right
E07000208,Epsom and Ewell,0,0,2.27,4.55,0,4.55,9.09,11.36,18.18,50,8.2045,1.8246,right
E07000209,Guildford,0,2.38,1.19,2.38,7.14,8.33,11.9,10.71,13.1,42.86,7.6905,2.1198,right
E07000210,Mole Valley,0,0,1.85,1.85,5.56,9.26,9.26,16.67,20.37,35.19,7.7963,1.8185,right
E07000211,Reigate and Banstead,0,1.16,3.49,6.98,5.81,9.3,11.63,13.95,22.09,25.58,7.2326,2.1553,right
E07000212,Runnymede,0,0,3.85,5.77,11.54,11.54,15.38,19.23,19.23,13.46,6.8077,1.9658,right
E07000213,Spelthorne,0,0,5,18.33,8.33,15,15,16.67,15,6.67,6.1,2.0519,nshape
E07000214,Surrey Heath,0,0,0,5.45,5.45,5.45,1.82,9.09,25.45,47.27,8.1909,1.8245,right
E07000215,Tandridge,0,0,0,10,10,8,18,26,14,14,6.88,1.8394,right
E07000216,Waverley,0,0,2.44,1.22,1.22,4.88,9.76,15.85,17.07,47.56,8.2195,1.6724,right
E07000217,Woking,0,1.64,1.64,4.92,13.11,1.64,9.84,11.48,29.51,26.23,7.418,2.1315,right
E07000218,North Warwickshire,2.63,2.63,7.89,13.16,18.42,10.53,26.32,10.53,7.89,0,5.2895,1.9886,nshape
E07000219,Nuneaton and Bedworth,6.17,14.81,16.05,14.81,7.41,12.35,7.41,7.41,4.94,8.64,4.463,2.69,flat
E07000220,Rugby,0,3.28,8.2,6.56,9.84,16.39,8.2,13.11,18.03,16.39,6.4344,2.3866,right
E07000221,Stratford-on-Avon,0,0,1.37,4.11,5.48,17.81,19.18,27.4,13.7,10.96,6.911,1.6316,right
E07000222,Warwick,0,1.16,4.65,3.49,12.79,8.14,12.79,17.44,19.77,19.77,6.9767,2.124,right
E07000223,Adur,0,2.38,21.43,7.14,7.14,21.43,19.05,4.76,9.52,7.14,5.4048,2.2719,nshape
E07000224,Arun,4.26,6.38,8.51,9.57,12.77,19.15,14.89,11.7,9.57,3.19,5.2553,2.3126,nshape
E07000225,Chichester,0,0,4.23,4.23,19.72,19.72,22.54,7.04,12.68,9.86,6.2324,1.8667,nshape
E07000226,Crawley,1.52,1.52,10.61,27.27,18.18,13.64,7.58,3.03,12.12,4.55,5,2.1644,nshape
E07000227,Horsham,0,0,1.23,2.47,4.94,14.81,9.88,16.05,16.05,34.57,7.6481,1.8447,right
E07000228,Mid Sussex,0,0,1.16,1.16,3.49,8.14,3.49,11.63,24.42,46.51,8.2674,1.6426,right
E07000229,Worthing,0,7.69,7.69,7.69,18.46,12.31,9.23,15.38,9.23,12.31,5.7923,2.4349,nshape
E07000234,Bromsgrove,0,1.72,5.17,5.17,13.79,0,17.24,8.62,17.24,31.03,7.1379,2.3523,right
E07000235,Malvern Hills,2.22,2.22,6.67,2.22,20,17.78,11.11,24.44,11.11,2.22,5.8778,2.0482,nshape
E07000236,Redditch,9.09,16.36,12.73,3.64,9.09,12.73,7.27,7.27,16.36,5.45,4.7727,2.9342,flat
E07000237,Worcester,12.7,6.35,7.94,4.76,15.87,6.35,7.94,15.87,11.11,11.11,5.2937,2.9739,flat
E07000238,Wychavon,0,5.13,3.85,11.54,14.1,16.67,16.67,7.69,14.1,10.26,5.9615,2.2372,nshape
E07000239,Wyre Forest,6.15,13.85,10.77,10.77,9.23,13.85,3.08,18.46,10.77,3.08,4.8538,2.6776,flat
E07000240,St Albans,0,0,1.15,2.3,8.05,5.75,8.05,9.2,21.84,43.68,8.0057,1.8544,right
E07000241,Welwyn Hatfield,0,1.49,5.97,13.43,5.97,20.9,13.43,7.46,13.43,17.91,6.3358,2.2936,right
E07000242,East Hertfordshire,0,0,1.19,3.57,0,10.71,9.52,10.71,21.43,42.86,8.0595,1.7449,right
E07000243,Stevenage,0,3.85,9.62,23.08,23.08,19.23,13.46,1.92,3.85,1.92,4.7308,1.722,nshape
E07000244,Suffolk Coastal,0,2.74,5.48,8.22,15.07,13.7,9.59,9.59,17.81,17.81,6.4452,2.3505,right
E07000244,Waveney,13.7,10.96,8.22,19.18,17.81,9.59,4.11,8.22,5.48,2.74,4.0479,2.4779,nshape
E07000245,Forest Heath,0,0,8.82,14.71,20.59,20.59,14.71,17.65,2.94,0,5.3235,1.6601,nshape
E07000245,St Edmundsbury,0,1.52,10.61,9.09,12.12,19.7,10.61,13.64,13.64,9.09,5.9697,2.2064,nshape
E07000246,Taunton Deane,4.48,7.46,2.99,5.97,19.4,20.9,8.96,8.96,13.43,7.46,5.5448,2.4398,nshape
E07000246,West Somerset,0,0,38.1,38.1,14.29,9.52,0,0,0,0,3.4524,0.9735,nshape
E08000001,Bolton,23.73,18.64,11.3,5.08,7.34,5.65,9.04,5.65,9.04,4.52,3.709,2.9841,left
E08000002,Bury,10,12.5,13.33,8.33,8.33,11.67,8.33,11.67,8.33,7.5,4.7167,2.8408,flat
E08000003,Manchester,43.26,15.96,15.25,10.64,4.96,5.67,2.48,1.42,0.35,0,2.0426,1.8406,left
E08000004,Oldham,30.5,15.6,8.51,7.8,6.38,7.09,7.8,9.93,6.38,0,3.344,2.7782,left
E08000005,Rochdale,29.85,14.18,17.91,8.21,6.72,3.73,5.97,8.96,4.48,0,3.0448,2.5653,left
E08000006,Salford,30,18.67,8.67,12.67,7.33,8,3.33,4,4,3.33,3.0333,2.6258,left
E08000007,Stockport,8.95,7.37,8.42,11.58,9.47,5.79,13.16,8.42,13.16,13.68,5.4211,2.9348,flat
E08000008,Tameside,20.57,21.99,12.06,10.64,12.06,8.51,7.09,4.96,1.42,0.71,3.1383,2.2937,left
E08000009,Trafford,5.07,3.62,8.7,7.25,9.42,5.8,10.14,15.22,12.32,22.46,6.2754,2.8078,right
E08000010,Wigan,16.5,16,10.5,6.5,8,6.5,7,12,11.5,5.5,4.385,3.0394,ushape
E08000011,Knowsley,46.94,16.33,6.12,8.16,14.29,4.08,3.06,1.02,0,0,2.0612,1.9107,left
E08000012,Liverpool,48.66,14.09,9.73,5.37,6.04,4.36,4.36,6.04,1.01,0.34,2.2517,2.3381,left
E08000013,St. Helens,24.37,17.65,11.76,9.24,6.72,6.72,6.72,8.4,8.4,0,3.458,2.7321,left
E08000014,Sefton,20.11,11.11,7.41,7.41,11.11,10.05,12.17,8.47,8.47,3.7,4.2619,2.8642,flat
E08000015,Wirral,25.24,9.71,8.25,8.25,5.83,10.19,9.22,9.71,7.28,6.31,4.1359,3.0537,ushape
E08000016,Barnsley,21.77,17.69,14.97,9.52,10.2,8.16,4.76,8.16,4.08,0.68,3.3231,2.5012,left
E08000017,Doncaster,23.71,16.49,11.86,9.79,7.22,9.79,8.25,6.19,5.15,1.55,3.4536,2.6434,left
E08000018,Rotherham,21.56,13.77,13.17,9.58,6.59,10.18,13.17,5.99,5.99,0,3.6497,2.599,left
E08000019,Sheffield,23.77,10.43,7.54,6.38,8.99,8.99,7.54,7.83,8.7,9.86,4.3377,3.1719,ushape
E08000021,Newcastle upon Tyne,25.71,13.71,7.43,7.43,8,7.43,6.29,6.86,7.43,9.71,4.0257,3.1801,ushape
E08000022,North Tyneside,9.16,11.45,16.79,10.69,5.34,3.05,11.45,7.63,10.69,13.74,4.9504,3.0765,ushape
E08000023,South Tyneside,24.51,20.59,16.67,9.8,6.86,1.96,3.92,5.88,8.82,0.98,3.1471,2.6724,left
E08000024,Sunderland,22.7,17.84,12.97,11.89,8.65,4.86,8.11,8.65,3.78,0.54,3.327,2.535,left
E08000025,Birmingham,41.31,15.02,10.64,11.27,8.76,3.91,3.6,2.35,1.88,1.25,2.3905,2.2509,left
E08000026,Coventry,14.36,11.28,14.36,9.74,11.79,10.77,9.74,7.69,5.64,4.62,4.1923,2.6782,flat
E08000027,Dudley,10.95,14.93,12.94,10.45,10.45,3.98,7.96,9.95,8.96,9.45,4.5796,2.9671,flat
E08000028,Sandwell,19.89,40.32,13.98,6.45,6.45,10.22,2.15,0.54,0,0,2.3118,1.7028,left
E08000029,Solihull,11.94,4.48,7.46,2.24,8.21,11.19,5.97,9.7,11.19,27.61,6.0672,3.1894,ushape
E08000030,Walsall,26.35,23.35,8.98,6.59,7.19,4.19,6.59,4.79,8.38,3.59,3.3323,2.8992,left
E08000031,Wolverhampton,20.89,28.48,10.76,9.49,6.96,5.7,8.23,6.96,1.9,0.63,3.038,2.4092,left
E08000032,Bradford,33.55,13.55,14.19,7.1,5.81,6.13,5.81,5.16,3.55,5.16,3.129,2.8263,left
E08000033,Calderdale,15.63,14.84,10.16,11.72,7.81,14.06,14.06,5.47,3.13,3.13,3.9766,2.5717,left
E08000034,Kirklees,11.97,18.15,12.36,8.88,10.04,7.34,8.49,11.97,6.95,3.86,4.2143,2.7653,flat
E08000035,Leeds,23.65,9.96,8.71,4.36,9.34,8.3,11.62,8.71,8.51,6.85,4.2967,3.075,ushape
E08000036,Wakefield,15.79,18.18,11.48,12.92,11,5.26,6.7,9.57,5.74,3.35,3.8349,2.6984,left
E08000037,Gateshead,16.67,15.08,19.84,8.73,10.32,4.76,7.14,7.14,6.35,3.97,3.754,2.7186,left
E09000001,City of London,0,0,16.67,0,16.67,16.67,16.67,0,16.67,16.67,6.1667,2.582,right
E09000002,Barking and Dagenham,3.64,50.91,28.18,9.09,7.27,0.91,0,0,0,0,2.1818,1.0131,left
E09000003,Barnet,0.47,2.84,11.37,8.06,10.43,14.22,16.11,17.06,15.17,4.27,5.8839,2.1886,nshape
E09000004,Bexley,0,6.16,9.59,8.9,13.01,8.22,11.64,13.01,20.55,8.9,6.0068,2.4558,right
E09000005,Brent,5.78,13.29,17.34,21.97,19.65,12.72,4.62,4.62,0,0,3.6618,1.7545,nshape
E09000006,Bromley,0.51,6.09,5.58,7.61,7.11,6.6,13.2,14.21,21.32,17.77,6.6066,2.4998,right
E09000007,Camden,0,16.54,11.28,14.29,10.53,15.04,7.52,8.27,10.53,6.02,4.906,2.5197,nshape
E09000008,Croydon,2.27,15.45,16.36,12.73,15,8.64,9.09,8.64,8.64,3.18,4.5227,2.4429,nshape
E09000009,Ealing,2.04,14.8,14.8,18.37,11.22,15.82,11.22,5.61,5.61,0.51,4.2959,2.1338,nshape
E09000010,Enfield,5.46,24.59,17.49,11.48,7.65,9.84,6.56,10.93,5.46,0.55,3.8825,2.4306,left
E09000011,Greenwich,0.66,21.19,19.21,16.56,15.89,9.93,8.61,5.96,1.99,0,3.8179,1.9506,nshape
E09000012,Hackney,11.11,32.64,36.81,11.81,5.56,2.08,0,0,0,0,2.2431,1.1141,left
E09000013,Hammersmith and Fulham,0.88,16.81,14.16,15.04,15.04,13.27,11.5,9.73,3.54,0,4.323,2.1011,nshape
E09000014,Haringey,9.66,23.45,18.62,15.17,8.97,9.66,4.83,6.21,3.45,0,3.4034,2.1868,left
E09000015,Harrow,0,1.46,7.3,5.11,17.52,16.79,18.98,13.87,11.68,7.3,6.0547,1.9886,nshape
E09000016,Havering,0.67,6,8.67,8.67,13.33,12,14,12.67,16.67,7.33,5.8467,2.3715,nshape
E09000017,Hillingdon,0,4.35,16.15,14.91,14.91,9.32,7.45,11.18,15.53,6.21,5.4068,2.4156,nshape
E09000018,Hounslow,0.7,7.75,14.79,22.54,18.31,19.72,9.15,5.63,0.7,0.7,4.331,1.7258,nshape
E09000019,Islington,4.88,21.14,29.27,17.89,10.57,9.76,5.69,0.81,0,0,3.1423,1.6151,left
E09000020,Kensington and Chelsea,8.74,13.59,6.8,9.71,11.65,10.68,11.65,22.33,4.85,0,4.7136,2.523,nshape
E09000021,Kingston upon Thames,0,1.02,2.04,1.02,7.14,14.29,19.39,16.33,25.51,13.27,7.1224,1.7675,right
E09000022,Lambeth,0,20.22,24.16,23.03,15.73,10.11,3.93,2.25,0.56,0,3.4494,1.5741,left
E09000023,Lewisham,2.96,23.08,24.85,18.93,12.43,11.24,4.73,1.78,0,0,3.2633,1.6376,left
E09000024,Merton,0,2.42,9.68,12.1,4.03,12.1,14.52,12.1,15.32,17.74,6.3871,2.4268,right
E09000025,Newham,2.44,24.39,45.73,19.51,6.1,1.22,0,0.61,0,0,2.5915,1.0201,left
E09000026,Redbridge,0,3.11,7.45,12.42,16.77,24.22,13.04,10.56,8.7,3.73,5.4876,1.9461,nshape
E09000027,Richmond upon Thames,0,0.87,1.74,2.61,6.09,3.48,12.17,7.83,36.52,28.7,7.8217,1.8475,right
E09000028,Southwark,3.01,19.88,28.92,15.66,9.04,11.45,3.61,5.42,2.41,0.6,3.5241,1.9846,left
E09000029,Sutton,0.83,4.96,6.61,5.79,5.79,9.09,16.53,15.7,15.7,19.01,6.5992,2.4441,right
E09000030,Tower Hamlets,1.39,30.56,27.78,16.67,7.64,4.17,5.56,3.47,2.08,0.69,3.1806,1.902,left
E09000031,Waltham Forest,2.08,13.89,21.53,27.78,15.28,13.19,4.17,1.39,0.69,0,3.5764,1.5559,left
E09000032,Wandsworth,0,4.47,8.94,10.06,13.41,17.32,15.08,12.85,12.85,5.03,5.7123,2.1593,nshape
E09000033,Westminster,2.34,11.72,14.84,12.5,10.16,10.94,7.81,16.41,10.16,3.13,4.9531,2.5094,nshape